date,tournament,surface,best_of,player_a,player_b,spread_a,odds_a,spread_b,odds_b,collected_at,event_url,event_id,market_start,surface_source,surface_source_date,tourney_level,format_source,format_source_hash,metadata_error,event_description
2026-10-05,Shanghai,Hard,,Rei Sakamoto,Kyrian Jacquet,2.5,-133,-2.5,117,2026-10-06T06:35:54.027276+00:00,https://novig.com/event-markets/01a10c28-7278-79f3-86dd-808b5afd3623,01a10c28-7278-79f3-86dd-808b5afd3623,2026-10-06T06:50:00+00:00,https://www.tennisexplorer.com/match-detail/?id=3341513,2026-10-06,M,https://www.tennisexplorer.com/shanghai/2026/atp-men/,f0cdc5d5ecd4e19c84d8fca46e279dbee740e17a44cc55c419ae46982e102231,,Rei Sakamoto @ Kyrian Jacquet 2nd Qualifying Round
2026-10-05,Shanghai,Hard,,Rei Sakamoto,Kyrian Jacquet,1.5,-100,-1.5,-108,2026-10-06T06:35:54.027319+00:00,https://novig.com/event-markets/01a10c28-7278-79f3-86dd-808b5afd3623,01a10c28-7278-79f3-86dd-808b5afd3623,2026-10-06T06:50:00+00:00,https://www.tennisexplorer.com/match-detail/?id=3341513,2026-10-06,M,https://www.tennisexplorer.com/shanghai/2026/atp-men/,f0cdc5d5ecd4e19c84d8fca46e279dbee740e17a44cc55c419ae46982e102231,,Rei Sakamoto @ Kyrian Jacquet 2nd Qualifying Round
2026-10-05,Shanghai,Hard,,Rei Sakamoto,Kyrian Jacquet,0.5,117,-0.5,-133,2026-10-06T06:35:54.027326+00:00,https://novig.com/event-markets/01a10c28-7278-79f3-86dd-808b5afd3623,01a10c28-7278-79f3-86dd-808b5afd3623,2026-10-06T06:50:00+00:00,https://www.tennisexplorer.com/match-detail/?id=3341513,2026-10-06,M,https://www.tennisexplorer.com/shanghai/2026/atp-men/,f0cdc5d5ecd4e19c84d8fca46e279dbee740e17a44cc55c419ae46982e102231,,Rei Sakamoto @ Kyrian Jacquet 2nd Qualifying Round
2026-10-06,Shanghai,Hard,,Alexandre Muller,Mattia Bellucci,3.5,-117,-3.5,108,2026-10-06T06:36:00.031582+00:00,https://novig.com/event-markets/01a10ccd-37eb-75f1-8196-68a86485bcd6,01a10ccd-37eb-75f1-8196-68a86485bcd6,2026-10-06T07:30:00+00:00,https://www.tennisexplorer.com/match-detail/?id=3341601,2026-10-06,M,https://www.tennisexplorer.com/shanghai/2026/atp-men/,f0cdc5d5ecd4e19c84d8fca46e279dbee740e17a44cc55c419ae46982e102231,,Alexandre Muller @ Mattia Bellucci 2nd Qualifying Round
2026-10-06,Shanghai,Hard,,Alexandre Muller,Mattia Bellucci,2.5,117,-2.5,-127,2026-10-06T06:36:00.031633+00:00,https://novig.com/event-markets/01a10ccd-37eb-75f1-8196-68a86485bcd6,01a10ccd-37eb-75f1-8196-68a86485bcd6,2026-10-06T07:30:00+00:00,https://www.tennisexplorer.com/match-detail/?id=3341601,2026-10-06,M,https://www.tennisexplorer.com/shanghai/2026/atp-men/,f0cdc5d5ecd4e19c84d8fca46e279dbee740e17a44cc55c419ae46982e102231,,Alexandre Muller @ Mattia Bellucci 2nd Qualifying Round
2026-10-06,Shanghai,Hard,,Alexandre Muller,Mattia Bellucci,1.5,156,-1.5,-170,2026-10-06T06:36:00.031641+00:00,https://novig.com/event-markets/01a10ccd-37eb-75f1-8196-68a86485bcd6,01a10ccd-37eb-75f1-8196-68a86485bcd6,2026-10-06T07:30:00+00:00,https://www.tennisexplorer.com/match-detail/?id=3341601,2026-10-06,M,https://www.tennisexplorer.com/shanghai/2026/atp-men/,f0cdc5d5ecd4e19c84d8fca46e279dbee740e17a44cc55c419ae46982e102231,,Alexandre Muller @ Mattia Bellucci 2nd Qualifying Round
2026-10-06,Shanghai,Hard,,Lloyd Harris,Chak Lam Coleman Wong,-0.5,-138,0.5,122,2026-10-06T06:36:02.322149+00:00,https://novig.com/event-markets/01a10ccd-3ba1-7d42-820a-a7e9763e9d9c,01a10ccd-3ba1-7d42-820a-a7e9763e9d9c,2026-10-06T07:30:00+00:00,https://www.tennisexplorer.com/match-detail/?id=3341975,2026-10-06,M,https://www.tennisexplorer.com/shanghai/2026/atp-men/,f0cdc5d5ecd4e19c84d8fca46e279dbee740e17a44cc55c419ae46982e102231,,Lloyd Harris @ Chak Lam Coleman Wong 2nd Qualifying Round
2026-10-06,Shanghai,Hard,,Lloyd Harris,Chak Lam Coleman Wong,-1.5,-113,1.5,104,2026-10-06T06:36:02.322203+00:00,https://novig.com/event-markets/01a10ccd-3ba1-7d42-820a-a7e9763e9d9c,01a10ccd-3ba1-7d42-820a-a7e9763e9d9c,2026-10-06T07:30:00+00:00,https://www.tennisexplorer.com/match-detail/?id=3341975,2026-10-06,M,https://www.tennisexplorer.com/shanghai/2026/atp-men/,f0cdc5d5ecd4e19c84d8fca46e279dbee740e17a44cc55c419ae46982e102231,,Lloyd Harris @ Chak Lam Coleman Wong 2nd Qualifying Round
2026-10-06,Shanghai,Hard,,Lloyd Harris,Chak Lam Coleman Wong,-2.5,122,2.5,-138,2026-10-06T06:36:02.322212+00:00,https://novig.com/event-markets/01a10ccd-3ba1-7d42-820a-a7e9763e9d9c,01a10ccd-3ba1-7d42-820a-a7e9763e9d9c,2026-10-06T07:30:00+00:00,https://www.tennisexplorer.com/match-detail/?id=3341975,2026-10-06,M,https://www.tennisexplorer.com/shanghai/2026/atp-men/,f0cdc5d5ecd4e19c84d8fca46e279dbee740e17a44cc55c419ae46982e102231,,Lloyd Harris @ Chak Lam Coleman Wong 2nd Qualifying Round
2026-10-06,Shanghai,Hard,,Lloyd Harris,Chak Lam Coleman Wong,-4.5,400,4.5,-525,2026-10-06T06:36:02.322219+00:00,https://novig.com/event-markets/01a10ccd-3ba1-7d42-820a-a7e9763e9d9c,01a10ccd-3ba1-7d42-820a-a7e9763e9d9c,2026-10-06T07:30:00+00:00,https://www.tennisexplorer.com/match-detail/?id=3341975,2026-10-06,M,https://www.tennisexplorer.com/shanghai/2026/atp-men/,f0cdc5d5ecd4e19c84d8fca46e279dbee740e17a44cc55c419ae46982e102231,,Lloyd Harris @ Chak Lam Coleman Wong 2nd Qualifying Round
2026-10-06,Shanghai,Hard,,Kimmer Coppejans,Dane Sweeny,3.5,-156,-3.5,138,2026-10-06T06:36:04.844999+00:00,https://novig.com/event-markets/01a10ccd-3abe-7b32-84a2-056d1be5534f,01a10ccd-3abe-7b32-84a2-056d1be5534f,2026-10-06T07:40:00+00:00,https://www.tennisexplorer.com/match-detail/?id=3341523,2026-10-06,M,https://www.tennisexplorer.com/shanghai/2026/atp-men/,f0cdc5d5ecd4e19c84d8fca46e279dbee740e17a44cc55c419ae46982e102231,,Kimmer Coppejans @ Dane Sweeny 2nd Qualifying Round
2026-10-06,Shanghai,Hard,,Kimmer Coppejans,Dane Sweeny,2.5,-122,-2.5,104,2026-10-06T06:36:04.845052+00:00,https://novig.com/event-markets/01a10ccd-3abe-7b32-84a2-056d1be5534f,01a10ccd-3abe-7b32-84a2-056d1be5534f,2026-10-06T07:40:00+00:00,https://www.tennisexplorer.com/match-detail/?id=3341523,2026-10-06,M,https://www.tennisexplorer.com/shanghai/2026/atp-men/,f0cdc5d5ecd4e19c84d8fca46e279dbee740e17a44cc55c419ae46982e102231,,Kimmer Coppejans @ Dane Sweeny 2nd Qualifying Round
2026-10-06,Shanghai,Hard,,Kimmer Coppejans,Dane Sweeny,1.5,104,-1.5,-117,2026-10-06T06:36:04.845061+00:00,https://novig.com/event-markets/01a10ccd-3abe-7b32-84a2-056d1be5534f,01a10ccd-3abe-7b32-84a2-056d1be5534f,2026-10-06T07:40:00+00:00,https://www.tennisexplorer.com/match-detail/?id=3341523,2026-10-06,M,https://www.tennisexplorer.com/shanghai/2026/atp-men/,f0cdc5d5ecd4e19c84d8fca46e279dbee740e17a44cc55c419ae46982e102231,,Kimmer Coppejans @ Dane Sweeny 2nd Qualifying Round
2026-10-06,Shanghai,Hard,,Kimmer Coppejans,Dane Sweeny,0.5,122,-0.5,-138,2026-10-06T06:36:04.845067+00:00,https://novig.com/event-markets/01a10ccd-3abe-7b32-84a2-056d1be5534f,01a10ccd-3abe-7b32-84a2-056d1be5534f,2026-10-06T07:40:00+00:00,https://www.tennisexplorer.com/match-detail/?id=3341523,2026-10-06,M,https://www.tennisexplorer.com/shanghai/2026/atp-men/,f0cdc5d5ecd4e19c84d8fca46e279dbee740e17a44cc55c419ae46982e102231,,Kimmer Coppejans @ Dane Sweeny 2nd Qualifying Round
2026-10-06,Shanghai,Hard,,Kimmer Coppejans,Dane Sweeny,-1.5,113,1.5,-245,2026-10-06T06:36:04.845074+00:00,https://novig.com/event-markets/01a10ccd-3abe-7b32-84a2-056d1be5534f,01a10ccd-3abe-7b32-84a2-056d1be5534f,2026-10-06T07:40:00+00:00,https://www.tennisexplorer.com/match-detail/?id=3341523,2026-10-06,M,https://www.tennisexplorer.com/shanghai/2026/atp-men/,f0cdc5d5ecd4e19c84d8fca46e279dbee740e17a44cc55c419ae46982e102231,,Kimmer Coppejans @ Dane Sweeny 2nd Qualifying Round
2026-10-06,Shanghai,Hard,,Aleksandar Vukic,Pavel Kotov,4.5,-355,-4.5,245,2026-10-06T06:36:07.177513+00:00,https://novig.com/event-markets/01a10cb1-bedd-7573-8cc6-b5f5af791796,01a10cb1-bedd-7573-8cc6-b5f5af791796,2026-10-06T08:00:00+00:00,https://www.tennisexplorer.com/match-detail/?id=3341521,2026-10-06,M,https://www.tennisexplorer.com/shanghai/2026/atp-men/,f0cdc5d5ecd4e19c84d8fca46e279dbee740e17a44cc55c419ae46982e102231,,Aleksandar Vukic @ Pavel Kotov 2nd Qualifying Round
2026-10-06,Shanghai,Hard,,Aleksandar Vukic,Pavel Kotov,2.5,-127,-2.5,113,2026-10-06T06:36:07.177557+00:00,https://novig.com/event-markets/01a10cb1-bedd-7573-8cc6-b5f5af791796,01a10cb1-bedd-7573-8cc6-b5f5af791796,2026-10-06T08:00:00+00:00,https://www.tennisexplorer.com/match-detail/?id=3341521,2026-10-06,M,https://www.tennisexplorer.com/shanghai/2026/atp-men/,f0cdc5d5ecd4e19c84d8fca46e279dbee740e17a44cc55c419ae46982e102231,,Aleksandar Vukic @ Pavel Kotov 2nd Qualifying Round
2026-10-06,Shanghai,Hard,,Aleksandar Vukic,Pavel Kotov,1.5,-100,-1.5,-113,2026-10-06T06:36:07.177565+00:00,https://novig.com/event-markets/01a10cb1-bedd-7573-8cc6-b5f5af791796,01a10cb1-bedd-7573-8cc6-b5f5af791796,2026-10-06T08:00:00+00:00,https://www.tennisexplorer.com/match-detail/?id=3341521,2026-10-06,M,https://www.tennisexplorer.com/shanghai/2026/atp-men/,f0cdc5d5ecd4e19c84d8fca46e279dbee740e17a44cc55c419ae46982e102231,,Aleksandar Vukic @ Pavel Kotov 2nd Qualifying Round
2026-10-06,Shanghai,Hard,,Aleksandar Vukic,Pavel Kotov,0.5,122,-0.5,-138,2026-10-06T06:36:07.177572+00:00,https://novig.com/event-markets/01a10cb1-bedd-7573-8cc6-b5f5af791796,01a10cb1-bedd-7573-8cc6-b5f5af791796,2026-10-06T08:00:00+00:00,https://www.tennisexplorer.com/match-detail/?id=3341521,2026-10-06,M,https://www.tennisexplorer.com/shanghai/2026/atp-men/,f0cdc5d5ecd4e19c84d8fca46e279dbee740e17a44cc55c419ae46982e102231,,Aleksandar Vukic @ Pavel Kotov 2nd Qualifying Round
2026-10-06,Shanghai,Hard,,Aleksandar Vukic,Pavel Kotov,-1.5,156,1.5,-223,2026-10-06T06:36:07.177577+00:00,https://novig.com/event-markets/01a10cb1-bedd-7573-8cc6-b5f5af791796,01a10cb1-bedd-7573-8cc6-b5f5af791796,2026-10-06T08:00:00+00:00,https://www.tennisexplorer.com/match-detail/?id=3341521,2026-10-06,M,https://www.tennisexplorer.com/shanghai/2026/atp-men/,f0cdc5d5ecd4e19c84d8fca46e279dbee740e17a44cc55c419ae46982e102231,,Aleksandar Vukic @ Pavel Kotov 2nd Qualifying Round
2026-10-06,Tokyo (Japan Open),Hard,,Jiri Lehecka,Carlos Alcaraz,7.5,-4900,-7.5,1011,2026-10-06T06:36:11.342826+00:00,https://novig.com/event-markets/01a10c28-72c1-7180-8bc8-803fd79c5b8e,01a10c28-72c1-7180-8bc8-803fd79c5b8e,2026-10-06T09:00:00+00:00,https://www.tennisexplorer.com/match-detail/?id=3341507,2026-10-06,A,https://www.tennisexplorer.com/tokyo-japan-open/2026/atp-men/,8b3f5e43b9fe586b4520c7c04cb67a92617eba16f0aab1a15ca15bef073f2af7,,Jiri Lehecka @ Carlos Alcaraz Finals
2026-10-06,Tokyo (Japan Open),Hard,,Jiri Lehecka,Carlos Alcaraz,5.5,-400,-5.5,212,2026-10-06T06:36:11.342882+00:00,https://novig.com/event-markets/01a10c28-72c1-7180-8bc8-803fd79c5b8e,01a10c28-72c1-7180-8bc8-803fd79c5b8e,2026-10-06T09:00:00+00:00,https://www.tennisexplorer.com/match-detail/?id=3341507,2026-10-06,A,https://www.tennisexplorer.com/tokyo-japan-open/2026/atp-men/,8b3f5e43b9fe586b4520c7c04cb67a92617eba16f0aab1a15ca15bef073f2af7,,Jiri Lehecka @ Carlos Alcaraz Finals
2026-10-06,Tokyo (Japan Open),Hard,,Jiri Lehecka,Carlos Alcaraz,4.5,-170,-4.5,156,2026-10-06T06:36:11.342889+00:00,https://novig.com/event-markets/01a10c28-72c1-7180-8bc8-803fd79c5b8e,01a10c28-72c1-7180-8bc8-803fd79c5b8e,2026-10-06T09:00:00+00:00,https://www.tennisexplorer.com/match-detail/?id=3341507,2026-10-06,A,https://www.tennisexplorer.com/tokyo-japan-open/2026/atp-men/,8b3f5e43b9fe586b4520c7c04cb67a92617eba16f0aab1a15ca15bef073f2af7,,Jiri Lehecka @ Carlos Alcaraz Finals
2026-10-06,Tokyo (Japan Open),Hard,,Jiri Lehecka,Carlos Alcaraz,3.5,117,-3.5,-127,2026-10-06T06:36:11.342896+00:00,https://novig.com/event-markets/01a10c28-72c1-7180-8bc8-803fd79c5b8e,01a10c28-72c1-7180-8bc8-803fd79c5b8e,2026-10-06T09:00:00+00:00,https://www.tennisexplorer.com/match-detail/?id=3341507,2026-10-06,A,https://www.tennisexplorer.com/tokyo-japan-open/2026/atp-men/,8b3f5e43b9fe586b4520c7c04cb67a92617eba16f0aab1a15ca15bef073f2af7,,Jiri Lehecka @ Carlos Alcaraz Finals
2026-10-06,Tokyo (Japan Open),Hard,,Jiri Lehecka,Carlos Alcaraz,2.5,170,-2.5,-194,2026-10-06T06:36:11.342903+00:00,https://novig.com/event-markets/01a10c28-72c1-7180-8bc8-803fd79c5b8e,01a10c28-72c1-7180-8bc8-803fd79c5b8e,2026-10-06T09:00:00+00:00,https://www.tennisexplorer.com/match-detail/?id=3341507,2026-10-06,A,https://www.tennisexplorer.com/tokyo-japan-open/2026/atp-men/,8b3f5e43b9fe586b4520c7c04cb67a92617eba16f0aab1a15ca15bef073f2af7,,Jiri Lehecka @ Carlos Alcaraz Finals
2026-10-06,Tokyo (Japan Open),Hard,,Jiri Lehecka,Carlos Alcaraz,1.5,245,-1.5,-270,2026-10-06T06:36:11.342909+00:00,https://novig.com/event-markets/01a10c28-72c1-7180-8bc8-803fd79c5b8e,01a10c28-72c1-7180-8bc8-803fd79c5b8e,2026-10-06T09:00:00+00:00,https://www.tennisexplorer.com/match-detail/?id=3341507,2026-10-06,A,https://www.tennisexplorer.com/tokyo-japan-open/2026/atp-men/,8b3f5e43b9fe586b4520c7c04cb67a92617eba16f0aab1a15ca15bef073f2af7,,Jiri Lehecka @ Carlos Alcaraz Finals
2026-10-06,Beijing,Hard,,Alex De Minaur,Novak Djokovic,5.5,-567,-5.5,317,2026-10-06T06:36:14.381049+00:00,https://novig.com/event-markets/01a10c96-678d-7b51-b611-6f3ba5cfa601,01a10c96-678d-7b51-b611-6f3ba5cfa601,2026-10-06T11:00:00+00:00,https://www.tennisexplorer.com/match-detail/?id=3342083,2026-10-06,A,https://www.tennisexplorer.com/beijing/2026/atp-men/,b4631ce58bad5cff4e6748084a675c6537a0ae6b7e9fcd65e215d02520fc197e,,Alex De Minaur @ Novak Djokovic Finals
2026-10-06,Beijing,Hard,,Alex De Minaur,Novak Djokovic,3.5,-150,-3.5,138,2026-10-06T06:36:14.381093+00:00,https://novig.com/event-markets/01a10c96-678d-7b51-b611-6f3ba5cfa601,01a10c96-678d-7b51-b611-6f3ba5cfa601,2026-10-06T11:00:00+00:00,https://www.tennisexplorer.com/match-detail/?id=3342083,2026-10-06,A,https://www.tennisexplorer.com/beijing/2026/atp-men/,b4631ce58bad5cff4e6748084a675c6537a0ae6b7e9fcd65e215d02520fc197e,,Alex De Minaur @ Novak Djokovic Finals
2026-10-06,Beijing,Hard,,Alex De Minaur,Novak Djokovic,2.5,108,-2.5,-113,2026-10-06T06:36:14.381101+00:00,https://novig.com/event-markets/01a10c96-678d-7b51-b611-6f3ba5cfa601,01a10c96-678d-7b51-b611-6f3ba5cfa601,2026-10-06T11:00:00+00:00,https://www.tennisexplorer.com/match-detail/?id=3342083,2026-10-06,A,https://www.tennisexplorer.com/beijing/2026/atp-men/,b4631ce58bad5cff4e6748084a675c6537a0ae6b7e9fcd65e215d02520fc197e,,Alex De Minaur @ Novak Djokovic Finals
2026-10-06,Beijing,Hard,,Alex De Minaur,Novak Djokovic,1.5,133,-1.5,-144,2026-10-06T06:36:14.381107+00:00,https://novig.com/event-markets/01a10c96-678d-7b51-b611-6f3ba5cfa601,01a10c96-678d-7b51-b611-6f3ba5cfa601,2026-10-06T11:00:00+00:00,https://www.tennisexplorer.com/match-detail/?id=3342083,2026-10-06,A,https://www.tennisexplorer.com/beijing/2026/atp-men/,b4631ce58bad5cff4e6748084a675c6537a0ae6b7e9fcd65e215d02520fc197e,,Alex De Minaur @ Novak Djokovic Finals
2026-10-06,Shanghai,Hard,,Tomas Machac,Zhizhen Zhang,-3.5,-127,3.5,-186,2026-10-06T06:36:16.611959+00:00,https://novig.com/event-markets/01a10ac3-76ce-7031-9f4c-7181262a4c44,01a10ac3-76ce-7031-9f4c-7181262a4c44,2026-10-07T04:00:00+00:00,https://www.tennisexplorer.com/match-detail/?id=3341215,2026-10-07,M,https://www.tennisexplorer.com/shanghai/2026/atp-men/,f0cdc5d5ecd4e19c84d8fca46e279dbee740e17a44cc55c419ae46982e102231,,Tomas Machac @ Zhizhen Zhang Round of 128
2026-10-06,Shanghai,Hard,,Zizou Bergs,Vit Kopriva,-3.5,-163,3.5,-144,2026-10-06T06:36:18.982982+00:00,https://novig.com/event-markets/01a10ac3-7709-7960-88a5-388cdb40f695,01a10ac3-7709-7960-88a5-388cdb40f695,2026-10-07T04:00:00+00:00,https://www.tennisexplorer.com/match-detail/?id=3341253,2026-10-07,M,https://www.tennisexplorer.com/shanghai/2026/atp-men/,f0cdc5d5ecd4e19c84d8fca46e279dbee740e17a44cc55c419ae46982e102231,,Zizou Bergs @ Vit Kopriva Round of 128
2026-10-06,Shanghai,Hard,,Zachary Svajda,Fabian Marozsan,4.5,-376,-4.5,285,2026-10-06T06:36:21.007240+00:00,https://novig.com/event-markets/01a10ac3-7774-7411-a0b4-8741fa1703f8,01a10ac3-7774-7411-a0b4-8741fa1703f8,2026-10-07T04:00:00+00:00,https://www.tennisexplorer.com/match-detail/?id=3341239,2026-10-07,M,https://www.tennisexplorer.com/shanghai/2026/atp-men/,f0cdc5d5ecd4e19c84d8fca46e279dbee740e17a44cc55c419ae46982e102231,,Zachary Svajda @ Fabian Marozsan Round of 128
2026-10-06,Shanghai,Hard,,Zachary Svajda,Fabian Marozsan,1.5,-178,-1.5,-144,2026-10-06T06:36:21.007286+00:00,https://novig.com/event-markets/01a10ac3-7774-7411-a0b4-8741fa1703f8,01a10ac3-7774-7411-a0b4-8741fa1703f8,2026-10-07T04:00:00+00:00,https://www.tennisexplorer.com/match-detail/?id=3341239,2026-10-07,M,https://www.tennisexplorer.com/shanghai/2026/atp-men/,f0cdc5d5ecd4e19c84d8fca46e279dbee740e17a44cc55c419ae46982e102231,,Zachary Svajda @ Fabian Marozsan Round of 128
2026-10-06,Shanghai,Hard,,Zachary Svajda,Fabian Marozsan,-1.5,-100,1.5,-233,2026-10-06T06:36:21.007297+00:00,https://novig.com/event-markets/01a10ac3-7774-7411-a0b4-8741fa1703f8,01a10ac3-7774-7411-a0b4-8741fa1703f8,2026-10-07T04:00:00+00:00,https://www.tennisexplorer.com/match-detail/?id=3341239,2026-10-07,M,https://www.tennisexplorer.com/shanghai/2026/atp-men/,f0cdc5d5ecd4e19c84d8fca46e279dbee740e17a44cc55c419ae46982e102231,,Zachary Svajda @ Fabian Marozsan Round of 128
2026-10-06,Shanghai,Hard,,Sebastian Baez,Marcos Giron,-1.5,-133,1.5,-186,2026-10-06T06:36:23.028639+00:00,https://novig.com/event-markets/01a10ac3-77a9-73c2-9a01-416f6d38f8fa,01a10ac3-77a9-73c2-9a01-416f6d38f8fa,2026-10-07T04:00:00+00:00,https://www.tennisexplorer.com/match-detail/?id=3341251,2026-10-07,M,https://www.tennisexplorer.com/shanghai/2026/atp-men/,f0cdc5d5ecd4e19c84d8fca46e279dbee740e17a44cc55c419ae46982e102231,,Sebastian Baez @ Marcos Giron Round of 128
2026-10-06,Shanghai,Hard,,Jaime Faria,Arthur Gea,2.5,-113,-2.5,-133,2026-10-06T06:36:36.171224+00:00,https://novig.com/event-markets/01a10ac3-781a-7b03-a1bc-53e0371305c5,01a10ac3-781a-7b03-a1bc-53e0371305c5,2026-10-07T04:00:00+00:00,https://www.tennisexplorer.com/match-detail/?id=3341223,2026-10-07,M,https://www.tennisexplorer.com/shanghai/2026/atp-men/,f0cdc5d5ecd4e19c84d8fca46e279dbee740e17a44cc55c419ae46982e102231,,Jaime Faria @ Arthur Gea Round of 128
2026-10-06,Shanghai,Hard,,Facundo Diaz Acosta,Nuno Borges,6.5,-614,-6.5,335,2026-10-06T06:36:38.402411+00:00,https://novig.com/event-markets/01a10ac3-7850-7ac0-89b1-fcd74422db9e,01a10ac3-7850-7ac0-89b1-fcd74422db9e,2026-10-07T04:00:00+00:00,https://www.tennisexplorer.com/match-detail/?id=3341235,2026-10-07,M,https://www.tennisexplorer.com/shanghai/2026/atp-men/,f0cdc5d5ecd4e19c84d8fca46e279dbee740e17a44cc55c419ae46982e102231,,Facundo Diaz Acosta @ Nuno Borges Round of 128
2026-10-06,Shanghai,Hard,,Hamad Medjedovic,Thiago Agustin Tirante,4.5,-355,-4.5,285,2026-10-06T06:36:40.583488+00:00,https://novig.com/event-markets/01a10ac3-7884-7013-b877-0936b877235a,01a10ac3-7884-7013-b877-0936b877235a,2026-10-07T04:00:00+00:00,https://www.tennisexplorer.com/match-detail/?id=3341237,2026-10-07,M,https://www.tennisexplorer.com/shanghai/2026/atp-men/,f0cdc5d5ecd4e19c84d8fca46e279dbee740e17a44cc55c419ae46982e102231,,Hamad Medjedovic @ Thiago Agustin Tirante Round of 128
2026-10-06,Shanghai,Hard,,Hamad Medjedovic,Thiago Agustin Tirante,1.5,-104,-1.5,-113,2026-10-06T06:36:40.583529+00:00,https://novig.com/event-markets/01a10ac3-7884-7013-b877-0936b877235a,01a10ac3-7884-7013-b877-0936b877235a,2026-10-07T04:00:00+00:00,https://www.tennisexplorer.com/match-detail/?id=3341237,2026-10-07,M,https://www.tennisexplorer.com/shanghai/2026/atp-men/,f0cdc5d5ecd4e19c84d8fca46e279dbee740e17a44cc55c419ae46982e102231,,Hamad Medjedovic @ Thiago Agustin Tirante Round of 128
2026-10-06,Shanghai,Hard,,Hamad Medjedovic,Thiago Agustin Tirante,-1.5,156,1.5,-194,2026-10-06T06:36:40.583537+00:00,https://novig.com/event-markets/01a10ac3-7884-7013-b877-0936b877235a,01a10ac3-7884-7013-b877-0936b877235a,2026-10-07T04:00:00+00:00,https://www.tennisexplorer.com/match-detail/?id=3341237,2026-10-07,M,https://www.tennisexplorer.com/shanghai/2026/atp-men/,f0cdc5d5ecd4e19c84d8fca46e279dbee740e17a44cc55c419ae46982e102231,,Hamad Medjedovic @ Thiago Agustin Tirante Round of 128
2026-10-06,Shanghai,Hard,,Marin Čilić,Arthur Fery,4.5,-525,-4.5,194,2026-10-06T06:36:42.542772+00:00,https://novig.com/event-markets/01a10ac3-78bb-7ff3-a0a0-eaf3617a7d03,01a10ac3-78bb-7ff3-a0a0-eaf3617a7d03,2026-10-07T04:00:00+00:00,https://www.tennisexplorer.com/match-detail/?id=3341219,2026-10-07,M,https://www.tennisexplorer.com/shanghai/2026/atp-men/,f0cdc5d5ecd4e19c84d8fca46e279dbee740e17a44cc55c419ae46982e102231,,Marin Čilić @ Arthur Fery Round of 128
2026-10-06,Shanghai,Hard,,Marin Čilić,Arthur Fery,1.5,-117,-1.5,-163,2026-10-06T06:36:42.542818+00:00,https://novig.com/event-markets/01a10ac3-78bb-7ff3-a0a0-eaf3617a7d03,01a10ac3-78bb-7ff3-a0a0-eaf3617a7d03,2026-10-07T04:00:00+00:00,https://www.tennisexplorer.com/match-detail/?id=3341219,2026-10-07,M,https://www.tennisexplorer.com/shanghai/2026/atp-men/,f0cdc5d5ecd4e19c84d8fca46e279dbee740e17a44cc55c419ae46982e102231,,Marin Čilić @ Arthur Fery Round of 128
2026-10-06,Shanghai,Hard,,Marin Čilić,Arthur Fery,-1.5,138,1.5,-203,2026-10-06T06:36:42.542830+00:00,https://novig.com/event-markets/01a10ac3-78bb-7ff3-a0a0-eaf3617a7d03,01a10ac3-78bb-7ff3-a0a0-eaf3617a7d03,2026-10-07T04:00:00+00:00,https://www.tennisexplorer.com/match-detail/?id=3341219,2026-10-07,M,https://www.tennisexplorer.com/shanghai/2026/atp-men/,f0cdc5d5ecd4e19c84d8fca46e279dbee740e17a44cc55c419ae46982e102231,,Marin Čilić @ Arthur Fery Round of 128
2026-10-06,Shanghai,Hard,,Jenson Brooksby,Jaume Munar,2.5,-156,-2.5,-156,2026-10-06T06:36:44.620013+00:00,https://novig.com/event-markets/01a10ac3-78f7-7d03-95b1-e3fbf275abaa,01a10ac3-78f7-7d03-95b1-e3fbf275abaa,2026-10-07T04:00:00+00:00,https://www.tennisexplorer.com/match-detail/?id=3341229,2026-10-07,M,https://www.tennisexplorer.com/shanghai/2026/atp-men/,f0cdc5d5ecd4e19c84d8fca46e279dbee740e17a44cc55c419ae46982e102231,,Jenson Brooksby @ Jaume Munar Round of 128
2026-10-06,Shanghai,Hard,,Denis Shapovalov,Cameron Norrie,1.5,-138,-1.5,113,2026-10-06T06:36:57.468936+00:00,https://novig.com/event-markets/01a10ac3-7a09-7a01-8b80-e29582e4edb5,01a10ac3-7a09-7a01-8b80-e29582e4edb5,2026-10-07T04:00:00+00:00,https://www.tennisexplorer.com/match-detail/?id=3341247,2026-10-07,M,https://www.tennisexplorer.com/shanghai/2026/atp-men/,f0cdc5d5ecd4e19c84d8fca46e279dbee740e17a44cc55c419ae46982e102231,,Denis Shapovalov @ Cameron Norrie Round of 128
2026-10-06,Shanghai,Hard,,Denis Shapovalov,Cameron Norrie,-1.5,117,1.5,-144,2026-10-06T06:36:57.468988+00:00,https://novig.com/event-markets/01a10ac3-7a09-7a01-8b80-e29582e4edb5,01a10ac3-7a09-7a01-8b80-e29582e4edb5,2026-10-07T04:00:00+00:00,https://www.tennisexplorer.com/match-detail/?id=3341247,2026-10-07,M,https://www.tennisexplorer.com/shanghai/2026/atp-men/,f0cdc5d5ecd4e19c84d8fca46e279dbee740e17a44cc55c419ae46982e102231,,Denis Shapovalov @ Cameron Norrie Round of 128
2026-10-06,Shanghai,Hard,,Denis Shapovalov,Cameron Norrie,-4.5,300,4.5,-376,2026-10-06T06:36:57.468997+00:00,https://novig.com/event-markets/01a10ac3-7a09-7a01-8b80-e29582e4edb5,01a10ac3-7a09-7a01-8b80-e29582e4edb5,2026-10-07T04:00:00+00:00,https://www.tennisexplorer.com/match-detail/?id=3341247,2026-10-07,M,https://www.tennisexplorer.com/shanghai/2026/atp-men/,f0cdc5d5ecd4e19c84d8fca46e279dbee740e17a44cc55c419ae46982e102231,,Denis Shapovalov @ Cameron Norrie Round of 128
2026-10-06,Shanghai,Hard,,Matteo Berrettini,Aleksandar Kovacevic,-2.5,-127,2.5,-113,2026-10-06T06:37:10.522630+00:00,https://novig.com/event-markets/01a10ac3-7a83-7452-a6e6-510acc0f62cc,01a10ac3-7a83-7452-a6e6-510acc0f62cc,2026-10-07T04:00:00+00:00,https://www.tennisexplorer.com/match-detail/?id=3341217,2026-10-07,M,https://www.tennisexplorer.com/shanghai/2026/atp-men/,f0cdc5d5ecd4e19c84d8fca46e279dbee740e17a44cc55c419ae46982e102231,,Matteo Berrettini @ Aleksandar Kovacevic Round of 128
2026-10-06,Shanghai,Hard,,Kamil Majchrzak,Yannick Hanfmann,1.5,-213,-1.5,170,2026-10-06T06:37:12.765494+00:00,https://novig.com/event-markets/01a10ac3-7abb-7e42-a200-5d4f6b5bef57,01a10ac3-7abb-7e42-a200-5d4f6b5bef57,2026-10-07T04:00:00+00:00,https://www.tennisexplorer.com/match-detail/?id=3341231,2026-10-07,M,https://www.tennisexplorer.com/shanghai/2026/atp-men/,f0cdc5d5ecd4e19c84d8fca46e279dbee740e17a44cc55c419ae46982e102231,,Kamil Majchrzak @ Yannick Hanfmann Round of 128
2026-10-06,Shanghai,Hard,,Kamil Majchrzak,Yannick Hanfmann,-1.5,-170,1.5,-138,2026-10-06T06:37:12.765534+00:00,https://novig.com/event-markets/01a10ac3-7abb-7e42-a200-5d4f6b5bef57,01a10ac3-7abb-7e42-a200-5d4f6b5bef57,2026-10-07T04:00:00+00:00,https://www.tennisexplorer.com/match-detail/?id=3341231,2026-10-07,M,https://www.tennisexplorer.com/shanghai/2026/atp-men/,f0cdc5d5ecd4e19c84d8fca46e279dbee740e17a44cc55c419ae46982e102231,,Kamil Majchrzak @ Yannick Hanfmann Round of 128
2026-10-06,Shanghai,Hard,,Kamil Majchrzak,Yannick Hanfmann,-4.5,170,4.5,-426,2026-10-06T06:37:12.765542+00:00,https://novig.com/event-markets/01a10ac3-7abb-7e42-a200-5d4f6b5bef57,01a10ac3-7abb-7e42-a200-5d4f6b5bef57,2026-10-07T04:00:00+00:00,https://www.tennisexplorer.com/match-detail/?id=3341231,2026-10-07,M,https://www.tennisexplorer.com/shanghai/2026/atp-men/,f0cdc5d5ecd4e19c84d8fca46e279dbee740e17a44cc55c419ae46982e102231,,Kamil Majchrzak @ Yannick Hanfmann Round of 128
2026-10-06,Shanghai,Hard,,Valentin Royer,Adolfo Daniel Vallejo,4.5,-456,-4.5,186,2026-10-06T06:37:14.889130+00:00,https://novig.com/event-markets/01a10ac3-7af9-7441-8462-d936833bd03e,01a10ac3-7af9-7441-8462-d936833bd03e,2026-10-07T04:00:00+00:00,https://www.tennisexplorer.com/match-detail/?id=3341249,2026-10-07,M,https://www.tennisexplorer.com/shanghai/2026/atp-men/,f0cdc5d5ecd4e19c84d8fca46e279dbee740e17a44cc55c419ae46982e102231,,Valentin Royer @ Adolfo Daniel Vallejo Round of 128
2026-10-06,Shanghai,Hard,,Valentin Royer,Adolfo Daniel Vallejo,1.5,-117,-1.5,-104,2026-10-06T06:37:14.889172+00:00,https://novig.com/event-markets/01a10ac3-7af9-7441-8462-d936833bd03e,01a10ac3-7af9-7441-8462-d936833bd03e,2026-10-07T04:00:00+00:00,https://www.tennisexplorer.com/match-detail/?id=3341249,2026-10-07,M,https://www.tennisexplorer.com/shanghai/2026/atp-men/,f0cdc5d5ecd4e19c84d8fca46e279dbee740e17a44cc55c419ae46982e102231,,Valentin Royer @ Adolfo Daniel Vallejo Round of 128
2026-10-06,Shanghai,Hard,,Valentin Royer,Adolfo Daniel Vallejo,0.5,-19900,-0.5,-19900,2026-10-06T06:37:14.889178+00:00,https://novig.com/event-markets/01a10ac3-7af9-7441-8462-d936833bd03e,01a10ac3-7af9-7441-8462-d936833bd03e,2026-10-07T04:00:00+00:00,https://www.tennisexplorer.com/match-detail/?id=3341249,2026-10-07,M,https://www.tennisexplorer.com/shanghai/2026/atp-men/,f0cdc5d5ecd4e19c84d8fca46e279dbee740e17a44cc55c419ae46982e102231,,Valentin Royer @ Adolfo Daniel Vallejo Round of 128
2026-10-06,Shanghai,Hard,,Valentin Royer,Adolfo Daniel Vallejo,-1.5,138,1.5,-170,2026-10-06T06:37:14.889185+00:00,https://novig.com/event-markets/01a10ac3-7af9-7441-8462-d936833bd03e,01a10ac3-7af9-7441-8462-d936833bd03e,2026-10-07T04:00:00+00:00,https://www.tennisexplorer.com/match-detail/?id=3341249,2026-10-07,M,https://www.tennisexplorer.com/shanghai/2026/atp-men/,f0cdc5d5ecd4e19c84d8fca46e279dbee740e17a44cc55c419ae46982e102231,,Valentin Royer @ Adolfo Daniel Vallejo Round of 128
2026-10-06,Shanghai,Hard,,Pablo Carreno Busta,Mariano Navone,-1.5,-117,1.5,-203,2026-10-06T06:37:18.087311+00:00,https://novig.com/event-markets/01a10ac3-7b68-7ab1-8c8e-a88dfbbd9045,01a10ac3-7b68-7ab1-8c8e-a88dfbbd9045,2026-10-07T04:00:00+00:00,https://www.tennisexplorer.com/match-detail/?id=3341243,2026-10-07,M,https://www.tennisexplorer.com/shanghai/2026/atp-men/,f0cdc5d5ecd4e19c84d8fca46e279dbee740e17a44cc55c419ae46982e102231,,Pablo Carreno Busta @ Mariano Navone Round of 128
2026-10-06,Shanghai,Hard,,Pablo Carreno Busta,Mariano Navone,-4.5,203,4.5,-488,2026-10-06T06:37:18.087362+00:00,https://novig.com/event-markets/01a10ac3-7b68-7ab1-8c8e-a88dfbbd9045,01a10ac3-7b68-7ab1-8c8e-a88dfbbd9045,2026-10-07T04:00:00+00:00,https://www.tennisexplorer.com/match-detail/?id=3341243,2026-10-07,M,https://www.tennisexplorer.com/shanghai/2026/atp-men/,f0cdc5d5ecd4e19c84d8fca46e279dbee740e17a44cc55c419ae46982e102231,,Pablo Carreno Busta @ Mariano Navone Round of 128
2026-10-06,Shanghai,Hard,,Daniel Altmaier,Holger Rune,3.5,-170,-3.5,-144,2026-10-06T06:37:20.167373+00:00,https://novig.com/event-markets/01a10ac3-7b9c-7331-92eb-f9b83774d11c,01a10ac3-7b9c-7331-92eb-f9b83774d11c,2026-10-07T04:00:00+00:00,https://www.tennisexplorer.com/match-detail/?id=3341221,2026-10-07,M,https://www.tennisexplorer.com/shanghai/2026/atp-men/,f0cdc5d5ecd4e19c84d8fca46e279dbee740e17a44cc55c419ae46982e102231,,Daniel Altmaier @ Holger Rune Round of 128
2026-10-06,Shanghai,Hard,,Jan-Lennard Struff,Martin Landaluce,4.5,-567,-4.5,223,2026-10-06T06:37:22.172847+00:00,https://novig.com/event-markets/01a10ac3-7bd1-71d0-91bc-82ef8f93442f,01a10ac3-7bd1-71d0-91bc-82ef8f93442f,2026-10-07T04:00:00+00:00,https://www.tennisexplorer.com/match-detail/?id=3341245,2026-10-07,M,https://www.tennisexplorer.com/shanghai/2026/atp-men/,f0cdc5d5ecd4e19c84d8fca46e279dbee740e17a44cc55c419ae46982e102231,,Jan-Lennard Struff @ Martin Landaluce Round of 128
2026-10-06,Shanghai,Hard,,Jan-Lennard Struff,Martin Landaluce,1.5,-194,-1.5,-122,2026-10-06T06:37:22.172891+00:00,https://novig.com/event-markets/01a10ac3-7bd1-71d0-91bc-82ef8f93442f,01a10ac3-7bd1-71d0-91bc-82ef8f93442f,2026-10-07T04:00:00+00:00,https://www.tennisexplorer.com/match-detail/?id=3341245,2026-10-07,M,https://www.tennisexplorer.com/shanghai/2026/atp-men/,f0cdc5d5ecd4e19c84d8fca46e279dbee740e17a44cc55c419ae46982e102231,,Jan-Lennard Struff @ Martin Landaluce Round of 128
