date,tournament,surface,best_of,player_a,player_b,spread_a,odds_a,spread_b,odds_b,collected_at,event_url
2026-09-29,Chengdu,Hard,3,A. Davidovich Fokina,H. Hurkacz,3.5,-285,-3.5,170,2026-09-29T08:43:58.415786+00:00,https://novig.com/event-markets/01a0e874-e76c-7710-8d69-2c605020abca
2026-09-29,Chengdu,Hard,3,A. Davidovich Fokina,H. Hurkacz,2.5,-144,-2.5,127,2026-09-29T08:43:58.415786+00:00,https://novig.com/event-markets/01a0e874-e76c-7710-8d69-2c605020abca
2026-09-29,Chengdu,Hard,3,A. Davidovich Fokina,H. Hurkacz,1.5,-100,-1.5,-113,2026-09-29T08:43:58.415786+00:00,https://novig.com/event-markets/01a0e874-e76c-7710-8d69-2c605020abca
2026-09-29,Chengdu,Hard,3,A. Davidovich Fokina,H. Hurkacz,0.5,117,-0.5,-133,2026-09-29T08:43:58.415786+00:00,https://novig.com/event-markets/01a0e874-e76c-7710-8d69-2c605020abca
2026-09-29,Hangzhou,Hard,3,A. Rublev,D. Medvedev,5.5,-669,-5.5,300,2026-09-29T08:43:58.415786+00:00,https://novig.com/event-markets/01a0e859-6717-7d53-8e03-f8a190f8c8d7
2026-09-29,Hangzhou,Hard,3,A. Rublev,D. Medvedev,3.5,-144,-3.5,127,2026-09-29T08:43:58.415786+00:00,https://novig.com/event-markets/01a0e859-6717-7d53-8e03-f8a190f8c8d7
2026-09-29,Hangzhou,Hard,3,A. Rublev,D. Medvedev,2.5,113,-2.5,-117,2026-09-29T08:43:58.415786+00:00,https://novig.com/event-markets/01a0e859-6717-7d53-8e03-f8a190f8c8d7
2026-09-29,Hangzhou,Hard,3,A. Rublev,D. Medvedev,1.5,150,-1.5,-156,2026-09-29T08:43:58.415786+00:00,https://novig.com/event-markets/01a0e859-6717-7d53-8e03-f8a190f8c8d7
2026-09-29,Beijing,Hard,3,Q. Halys,I. Buse,0.5,-133,-0.5,117,2026-09-29T08:43:58.415786+00:00,https://novig.com/event-markets/01a0e70f-dfff-7471-af6a-4ae5a64840f3
2026-09-29,Beijing,Hard,3,Q. Halys,I. Buse,-0.5,-113,0.5,-100,2026-09-29T08:43:58.415786+00:00,https://novig.com/event-markets/01a0e70f-dfff-7471-af6a-4ae5a64840f3
2026-09-29,Beijing,Hard,3,Q. Halys,I. Buse,-1.5,108,1.5,-117,2026-09-29T08:43:58.415786+00:00,https://novig.com/event-markets/01a0e70f-dfff-7471-af6a-4ae5a64840f3
2026-09-29,Beijing,Hard,3,Q. Halys,I. Buse,-2.5,127,2.5,-144,2026-09-29T08:43:58.415786+00:00,https://novig.com/event-markets/01a0e70f-dfff-7471-af6a-4ae5a64840f3
2026-09-29,Beijing,Hard,3,H. Hurkacz,L. Tien,3.5,-186,-3.5,170,2026-09-29T08:43:58.415786+00:00,https://novig.com/event-markets/01a0e70f-df62-7600-affb-99bb57ef9e70
2026-09-29,Beijing,Hard,3,H. Hurkacz,L. Tien,2.5,-122,-2.5,108,2026-09-29T08:43:58.415786+00:00,https://novig.com/event-markets/01a0e70f-df62-7600-affb-99bb57ef9e70
2026-09-29,Beijing,Hard,3,H. Hurkacz,L. Tien,1.5,108,-1.5,-122,2026-09-29T08:43:58.415786+00:00,https://novig.com/event-markets/01a0e70f-df62-7600-affb-99bb57ef9e70
2026-09-29,Beijing,Hard,3,H. Hurkacz,L. Tien,0.5,127,-0.5,-144,2026-09-29T08:43:58.415786+00:00,https://novig.com/event-markets/01a0e70f-df62-7600-affb-99bb57ef9e70
2026-09-29,Beijing,Hard,3,F. Cobolli,R. Safiullin,1.5,-144,-1.5,133,2026-09-29T08:43:58.415786+00:00,https://novig.com/event-markets/01a0e70f-de49-77a0-aea2-e1bd8164f55d
2026-09-29,Beijing,Hard,3,F. Cobolli,R. Safiullin,0.5,-127,-0.5,113,2026-09-29T08:43:58.415786+00:00,https://novig.com/event-markets/01a0e70f-de49-77a0-aea2-e1bd8164f55d
2026-09-29,Beijing,Hard,3,F. Cobolli,R. Safiullin,-0.5,-108,0.5,-104,2026-09-29T08:43:58.415786+00:00,https://novig.com/event-markets/01a0e70f-de49-77a0-aea2-e1bd8164f55d
2026-09-29,Beijing,Hard,3,F. Cobolli,R. Safiullin,-1.5,108,1.5,-122,2026-09-29T08:43:58.415786+00:00,https://novig.com/event-markets/01a0e70f-de49-77a0-aea2-e1bd8164f55d
2026-09-29,Chengdu,Hard,3,Alejandro Davidovich Fokina,Hubert Hurkacz,3.5,-285,-3.5,170,2026-09-29T08:43:58.415786+00:00,https://novig.com/event-markets/01a0e874-e76c-7710-8d69-2c605020abca
2026-09-29,Chengdu,Hard,3,Alejandro Davidovich Fokina,Hubert Hurkacz,2.5,-144,-2.5,127,2026-09-29T08:43:58.415786+00:00,https://novig.com/event-markets/01a0e874-e76c-7710-8d69-2c605020abca
2026-09-29,Chengdu,Hard,3,Alejandro Davidovich Fokina,Hubert Hurkacz,1.5,-100,-1.5,-113,2026-09-29T08:43:58.415786+00:00,https://novig.com/event-markets/01a0e874-e76c-7710-8d69-2c605020abca
2026-09-29,Chengdu,Hard,3,Alejandro Davidovich Fokina,Hubert Hurkacz,0.5,117,-0.5,-133,2026-09-29T08:43:58.415786+00:00,https://novig.com/event-markets/01a0e874-e76c-7710-8d69-2c605020abca
2026-09-29,Hangzhou,Hard,3,Andrey Rublev,Daniil Medvedev,5.5,-669,-5.5,300,2026-09-29T08:43:58.415786+00:00,https://novig.com/event-markets/01a0e859-6717-7d53-8e03-f8a190f8c8d7
2026-09-29,Hangzhou,Hard,3,Andrey Rublev,Daniil Medvedev,3.5,-144,-3.5,127,2026-09-29T08:43:58.415786+00:00,https://novig.com/event-markets/01a0e859-6717-7d53-8e03-f8a190f8c8d7
2026-09-29,Hangzhou,Hard,3,Andrey Rublev,Daniil Medvedev,2.5,113,-2.5,-117,2026-09-29T08:43:58.415786+00:00,https://novig.com/event-markets/01a0e859-6717-7d53-8e03-f8a190f8c8d7
2026-09-29,Hangzhou,Hard,3,Andrey Rublev,Daniil Medvedev,1.5,150,-1.5,-156,2026-09-29T08:43:58.415786+00:00,https://novig.com/event-markets/01a0e859-6717-7d53-8e03-f8a190f8c8d7
2026-09-29,Tokyo (Japan Open),Hard,3,Alex Michelsen,Carlos Alcaraz,5.5,-178,-5.5,156,2026-09-29T08:43:58.415786+00:00,https://novig.com/event-markets/01a0e66b-18c5-7921-a066-2ae2bc2c5e2c
2026-09-29,Tokyo (Japan Open),Hard,3,Alex Michelsen,Carlos Alcaraz,4.5,-104,-4.5,-108,2026-09-29T08:43:58.415786+00:00,https://novig.com/event-markets/01a0e66b-18c5-7921-a066-2ae2bc2c5e2c
2026-09-29,Tokyo (Japan Open),Hard,3,Alex Michelsen,Carlos Alcaraz,3.5,178,-3.5,-245,2026-09-29T08:43:58.415786+00:00,https://novig.com/event-markets/01a0e66b-18c5-7921-a066-2ae2bc2c5e2c
2026-09-29,Tokyo (Japan Open),Hard,3,Casper Ruud,Luciano Darderi,-1.5,-186,1.5,170,2026-09-29T08:43:58.415786+00:00,https://novig.com/event-markets/01a0e66b-18fb-74b0-88b2-81db7bf5a5fe
2026-09-29,Tokyo (Japan Open),Hard,3,Casper Ruud,Luciano Darderi,-2.5,-150,2.5,133,2026-09-29T08:43:58.415786+00:00,https://novig.com/event-markets/01a0e66b-18fb-74b0-88b2-81db7bf5a5fe
2026-09-29,Tokyo (Japan Open),Hard,3,Casper Ruud,Luciano Darderi,-3.5,108,3.5,-122,2026-09-29T08:43:58.415786+00:00,https://novig.com/event-markets/01a0e66b-18fb-74b0-88b2-81db7bf5a5fe
2026-09-29,Tokyo (Japan Open),Hard,3,Casper Ruud,Luciano Darderi,-4.5,170,4.5,-178,2026-09-29T08:43:58.415786+00:00,https://novig.com/event-markets/01a0e66b-18fb-74b0-88b2-81db7bf5a5fe
2026-09-29,Tokyo (Japan Open),Hard,3,Sho Shimabukuro,Denis Shapovalov,4.5,-122,-4.5,113,2026-09-29T08:43:58.415786+00:00,https://novig.com/event-markets/01a0e66b-1930-78c2-ae93-5a23badc5636
2026-09-29,Tokyo (Japan Open),Hard,3,Sho Shimabukuro,Denis Shapovalov,3.5,127,-3.5,-138,2026-09-29T08:43:58.415786+00:00,https://novig.com/event-markets/01a0e66b-1930-78c2-ae93-5a23badc5636
2026-09-29,Tokyo (Japan Open),Hard,3,Zizou Bergs,Jiri Lehecka,4.5,-186,-4.5,170,2026-09-29T08:43:58.415786+00:00,https://novig.com/event-markets/01a0e66b-1963-7a50-b9d7-c5bf697ab3b0
2026-09-29,Tokyo (Japan Open),Hard,3,Zizou Bergs,Jiri Lehecka,3.5,-108,-3.5,-104,2026-09-29T08:43:58.415786+00:00,https://novig.com/event-markets/01a0e66b-1963-7a50-b9d7-c5bf697ab3b0
2026-09-29,Tokyo (Japan Open),Hard,3,Zizou Bergs,Jiri Lehecka,2.5,138,-2.5,-156,2026-09-29T08:43:58.415786+00:00,https://novig.com/event-markets/01a0e66b-1963-7a50-b9d7-c5bf697ab3b0
2026-09-29,Tokyo (Japan Open),Hard,3,Arthur Fery,Lorenzo Musetti,4.5,-170,-4.5,150,2026-09-29T08:43:58.415786+00:00,https://novig.com/event-markets/01a0e66b-1997-74a2-86bc-c063dcf90c81
2026-09-29,Tokyo (Japan Open),Hard,3,Arthur Fery,Lorenzo Musetti,3.5,-108,-3.5,-104,2026-09-29T08:43:58.415786+00:00,https://novig.com/event-markets/01a0e66b-1997-74a2-86bc-c063dcf90c81
2026-09-29,Tokyo (Japan Open),Hard,3,Arthur Fery,Lorenzo Musetti,2.5,127,-2.5,-144,2026-09-29T08:43:58.415786+00:00,https://novig.com/event-markets/01a0e66b-1997-74a2-86bc-c063dcf90c81
2026-09-29,Tokyo (Japan Open),Hard,3,Ugo Humbert,Brandon Nakashima,4.5,-270,-4.5,186,2026-09-29T08:43:58.415786+00:00,https://novig.com/event-markets/01a0e66b-19cf-7981-9e40-93a317288956
2026-09-29,Tokyo (Japan Open),Hard,3,Ugo Humbert,Brandon Nakashima,3.5,-117,-3.5,-108,2026-09-29T08:43:58.415786+00:00,https://novig.com/event-markets/01a0e66b-19cf-7981-9e40-93a317288956
2026-09-29,Tokyo (Japan Open),Hard,3,Ugo Humbert,Brandon Nakashima,2.5,122,-2.5,-163,2026-09-29T08:43:58.415786+00:00,https://novig.com/event-markets/01a0e66b-19cf-7981-9e40-93a317288956
2026-09-29,Tokyo (Japan Open),Hard,3,Alexander Blockx,Valentin Vacherot,-0.5,-122,0.5,108,2026-09-29T08:43:58.415786+00:00,https://novig.com/event-markets/01a0e66b-1a03-7d00-8cbb-83c4481dd53c
2026-09-29,Tokyo (Japan Open),Hard,3,Alexander Blockx,Valentin Vacherot,-1.5,-100,1.5,-108,2026-09-29T08:43:58.415786+00:00,https://novig.com/event-markets/01a0e66b-1a03-7d00-8cbb-83c4481dd53c
2026-09-29,Tokyo (Japan Open),Hard,3,Alexander Blockx,Valentin Vacherot,-2.5,133,2.5,-144,2026-09-29T08:43:58.415786+00:00,https://novig.com/event-markets/01a0e66b-1a03-7d00-8cbb-83c4481dd53c
